{
  "name": "monaca-cordova-loader",
  "version": "1.0.0",
  "description": "Load cordova.js for Monaca apps.",
  "main": "cordova-loader.js",
  "monaca": {
    "main": [
      "cordova-loader.js"
    ]
  },
  "keywords": [
    "monaca"
  ],
  "authors": [
    "Monaca"
  ],
  "repository": {
    "type": "git",
    "url": "git://github.com:monaca/monaca-component-cordova-loader.git"
  },
  "homepage": "http://monaca.mobi/",
  "ignore": [
    "**/.*",
    "node_modules",
    "test",
    "README.md"
  ],
  "_release": "1.0.0",
  "_resolution": {
    "type": "version",
    "tag": "1.0.0",
    "commit": "b023355858b19fc8c7fc8adcb7889e1c23b0f5a2"
  },
  "_source": "git://github.com/monaca/monaca-component-cordova-loader.git",
  "_target": "1.0.0",
  "_originalSource": "monaca-cordova-loader",
  "_direct": true
}